{"minzoom":0,"maxzoom":8,"center":[51.328125,36.02928,8.0],"bounds":[44.037773,25.061668,63.33139,39.776394]}