{"minzoom":0,"maxzoom":9,"center":[48.867188,30.448202,9.0],"bounds":[44.037773,25.061668,63.33139,39.776394]}